OID_,Shape_Length,Shape_Area
1,41.764868766468659,138.807322862751704
2,30.222935986787295,72.688120356541233
3,19.734644850256732,30.991940260041826
4,9.063069194760981,6.536431699314018
5,14.318654928305067,16.315281893850962
8,13.039984924206935,13.531449297639186
9,22.884536772662241,41.674882857657686
10,31.089748157361360,76.917390880043271
12,38.727119280323606,119.349477568221033
13,20.330891848116757,32.892962974329649
14,41.172078966749808,134.894961995415144
16,18.707623927960096,27.850140965131189
17,15.711770724503385,19.644473879935010
18,17.845122534550061,25.341318352430736
20,19.351809895820644,29.801169942899953
21,17.378215991098408,24.032586679258078
22,17.857123207671265,25.375413398167790
23,19.203240371075736,29.345341790885762
24,14.520459703322542,16.778412515932775
25,16.711403317730468,22.223680123578340
26,33.204867275690383,87.739192534744433
27,44.849646118198073,160.069348474342803
29,23.560794863826175,44.174334153489866
30,18.454866467743049,27.102662080732760
32,17.904259914757176,25.509555060303928
33,18.492990664349577,27.214755493598069
34,17.282605230403593,23.768871117701430
35,32.657460654540948,84.870148202077118
36,31.354856425082687,78.234762574498845
37,15.658814762707159,19.512275047227682
38,15.741003987534702,19.717642757762878
40,16.161589880886066,20.785395838914525
44,25.278898108484761,50.851809897200120
45,21.271697537028579,36.007621451955906
46,17.957099103658628,25.660345227297068
47,18.470376385891964,27.148236695063673
48,17.723514595310554,24.997111676083183
50,27.012434646416960,58.065423018256048
52,16.220673565936561,20.937648507041949
54,17.781685712393216,25.161469168594405
55,14.823451002749200,17.485931807535803
56,17.461956665042177,24.264757098870618
57,14.875539300643027,17.609035757080417
58,20.448721142769120,33.275335353942737
59,14.563377075179776,16.877741262184440
60,17.408217719815834,24.115637957886531
61,21.038321931875732,35.221863439511061
62,20.409743595497826,33.148603237754102
64,27.848611538659430,61.715923271033049
65,24.959716983764039,49.575767819367989
66,36.533275713191721,106.210478370818507
67,27.046293476241701,58.211078858929362
70,18.012390176526605,25.818608238459738
71,19.874071962335599,31.431409154268046
72,18.588440463487551,27.496413202217319
73,53.408906453969266,226.995635903764480
75,66.868921443909400,355.826896428022451
76,16.716042514642353,22.236020719621290
77,16.291594692899029,21.121138774501340
78,14.288988479973415,16.247745514326052
80,13.022195993151554,13.494555722420101
81,16.190163924052513,20.858958877766515
82,19.489643762878746,30.227201286732765
86,28.070641844898606,62.703938771644694
87,24.557432885929490,47.990587613087435
88,15.609181953043558,19.388777294600391
89,15.082313218940268,18.101978607434262
90,15.533059453437330,19.200128930490148
91,12.609396983061561,12.652570671022671
92,19.621968853334902,30.639050327012772
93,15.774877155482397,19.802595109379592
94,22.934247115279685,41.856133873983886
95,21.871474065806304,38.066788931454099
96,17.872500372134745,25.419134876299037
97,30.460110301693792,73.833435927089823
98,32.742592468992015,85.313205737022074
99,27.009267567212543,58.051808028302410
100,22.508628204305079,40.316998375069360
102,21.034344652731807,35.208547364052869
103,36.791858176487814,107.719314479873219
104,20.856049871531368,34.614196062845096
105,16.745797445835386,22.315252406810156
106,17.652491780453808,24.797172996228710
108,19.784141936684772,31.147598951413652
109,21.557037582746094,36.980118094951280
112,23.521993135994894,44.028954585946359
113,22.751144986405350,41.190460959425813
114,20.643461754308692,33.912139493534866
115,16.869601249435028,22.646431101574855
116,20.830097175317398,34.528103749969851
117,44.922952023178262,160.593036797020176
118,21.761985071595930,37.686616827552065
119,20.065432281190979,32.039606739832962
120,26.961265213106103,57.845645668036376
121,15.394650473160597,18.859483813088978
122,19.907837119702791,31.538300989766473
123,24.723012196822410,48.639925627038295
124,24.872840782134386,49.231255989417292
125,18.406953411340503,26.962115338227097
127,19.278758906565866,29.576602217413285
128,16.202308769696227,20.890264780875423
129,24.572589149610138,48.049843192240559
130,23.889154384973949,45.414202297758884
131,21.718462842241813,37.536027123921691
132,47.299286556146370,178.032510529655184
133,29.171996719596301,67.720857415722080
134,29.394915438905024,68.759793911620193
135,20.363787200911670,32.999490615863941
136,20.061262302252477,32.026291242747952
137,20.064786928594454,32.037545831241218
139,33.201752412645263,87.722732131660166
140,18.476914178723707,27.167458930251424
141,18.186727059140392,26.320809028640642
142,21.863242346474298,38.038140093884437
144,17.846932832024788,25.346460110515135
145,15.225907270179588,18.448306143000845
146,34.191095237430758,93.028530624367193
147,22.174039926563161,39.127291542952086
148,22.261017019756782,39.434845108551023
150,17.002115254947398,23.003612738605863
151,25.073968660133527,50.030667060778818
152,32.440855481349622,83.748055557048346
153,19.072044640487665,28.945739221881411
154,21.141174426727126,35.567091713066858
155,15.680180272607119,19.565558022020475
156,23.149122028575171,42.644122725580750
158,20.153066141510873,32.320077719180297
159,18.852900035430952,28.284367113907368
160,18.726389269729047,27.906041119041600
161,15.707174121882151,19.632981269326159
162,26.280636429827442,54.961919583015131
163,21.750552065768204,37.647028699369521
164,21.122634073416279,35.504735925075110
165,96.513016870838968,741.245241873351915
166,48.172707497665129,184.668256163312464
167,26.602690241547108,56.317225538377564
168,32.163069562312515,82.319953422996079
170,28.737316959896692,65.717732780371264
171,31.020220062102112,76.573744498805951
172,25.311108641991343,50.981483862543172
173,18.728033914495818,27.910943029304534
174,12.513565628051682,12.460982532906286
175,17.688123053723647,24.897379423631207
176,19.300911078242734,29.644610992497782
177,15.513994311447640,19.153025712977790
178,16.609112777480309,21.952450370979882
179,34.614240803226323,95.345402674552446
180,21.339312938396446,36.236896925710766
181,19.971068860092867,31.738964547076609
182,13.647842754713317,14.822387272626159
183,28.545976940158990,64.845517013238549
185,17.762524982609769,25.107272691553163
186,23.063215438983750,42.328204595301401
187,19.883781022232629,31.462126963558458
189,21.848233978067654,37.985934253358984
190,16.031740163266264,20.452738547182452
191,22.013674137665788,38.563389853041357
193,14.904526152858201,17.677729446193201
194,18.381047924975871,26.886277127159932
195,17.201714557580242,23.546892957490375
196,20.853402337603811,34.605408546289013
197,18.063006715748632,25.963917635881263
198,16.550507338552826,21.797804757603803
199,15.949918319592337,20.244500358040767
200,16.491391755394361,21.642366787998647
201,16.083635661087769,20.585365816206735
202,50.037490438142520,199.242130141080821
203,16.961677368569262,22.894319130353452
204,19.239203124150183,29.455357335184402
205,22.581472143794691,40.578373806539155
206,38.113157168088669,115.595249726247658
208,18.132441559580009,26.163913750553579
209,34.802943509588623,96.387804729200639
210,21.883493054644006,38.108637964683609
211,20.419326358446938,33.179738345161674
212,22.859347252886920,41.583188405327519
214,13.760829238636747,15.068823540708257
215,27.508967226914830,60.219716663995968
216,21.837825709957222,37.949750677697004
217,19.264268675043844,29.532158406996064
218,16.789954904296490,22.433094991340543
219,14.818118430375442,17.473353329698028
220,14.376455490465487,16.447268571974636
221,18.714980594371923,27.872049090092734
222,13.908482631928958,15.393934737339777
223,13.354057580067280,14.191118448152379
224,15.448885856577727,18.992601884337972
225,17.597410013788561,24.642663239578315
226,21.890541741341526,38.133191550299706
227,14.585233113175772,16.928437931203515
228,23.106318283764530,42.486566807170171
229,14.527498168646447,16.794682372241045
231,21.711694158650403,37.512634133209758
232,27.306692416947083,59.337375415437748
233,25.775306663249317,52.868600964656849
234,28.821482911524267,66.103245138265891
235,40.237722586380436,128.841840546103896
236,13.916078921363475,15.410754504115225
237,14.650124551860376,17.079406295702917
238,22.557988936591993,40.494020149457164
239,27.486688494074755,60.122215678327699
240,25.198675969353520,50.529567374283211
241,18.001939437091359,25.788657158209336
242,15.968466105216343,20.291611442851483
243,16.877899796638545,22.668717188705813
244,23.846593751814886,45.252527640264553
245,27.713643086418788,61.119159755147379
246,17.784407334281838,25.169172065500685
247,19.685696918774628,30.838392012331632
248,35.260939504245869,98.941364446260295
249,25.684102206377602,52.495117834091602
250,19.642559082412021,30.703385977266318
251,20.225433341625948,32.552609373873317
252,14.170987077561358,15.980499136556123
253,15.254641045977399,18.518001782926511
254,21.089146971214056,35.392249172188478
255,28.986259556978663,66.861249670964227
256,21.085349229220000,35.379503419240883
257,30.063416475289344,71.922835789511609
258,25.163859641959448,50.390033169694703
259,55.906732963046551,248.724384034155406
260,22.829207778112533,41.473607915137173
261,23.427829549859279,43.677145475089844
262,22.125914494518604,38.957635998682782
263,20.532852291720598,33.549704697700847
264,31.963019215614018,81.299098103180498
265,32.365521184790929,83.359546977404605
266,16.169976247364033,20.806972821694924
267,21.119514008680202,35.494247754651703
268,26.820293064400261,57.242313006299888
269,21.704237824237001,37.486873019068817
270,18.398061441007101,26.936072090719065
271,17.675292539398367,24.861272672980398
272,16.696441835814692,22.183904846654812
273,18.025332313369979,25.855723579897692
274,30.430600119713404,73.690443491119680
275,23.245561631763170,43.000175003485339
276,27.246697567422217,59.076924524434759
277,20.587259601599154,33.727738175996038
278,27.612279957147589,60.672888603228216
279,18.745052086943151,27.961691448181945
280,16.439760962313159,21.507064274323731
281,16.914116414720343,22.766106688259669
282,17.766795959551676,25.119348167851157
283,21.759082145203109,37.676563132770610
284,24.549319555723866,47.958882412746632
286,58.548638700267723,272.787043996417822
287,18.170674883877147,26.274366391699893
289,33.894677626090314,91.422512245805919
290,55.597747871982989,245.982683727669240
291,33.671037521750868,90.220064534438393
292,34.739490096162832,96.036652839316105
293,21.174360167847876,35.678840158145910
294,49.568156342493573,195.522016546794475
295,36.971141530392707,108.771685000158811
296,21.603376843624456,37.139274765170470
297,20.431275629584189,33.218582887810847
298,32.670970436338301,84.940381117871652
299,18.867116900139720,28.327041358845882
300,16.083030841148876,20.583817633213787
301,45.456508503428026,164.430465146486995
302,59.734383376722967,283.948060016633463
303,21.069564860904848,35.326553469672156
304,23.446934782815347,43.748411341728627
305,25.142921538346247,50.306211943254333
306,20.189686336632562,32.437642250168068
307,22.741340864200737,41.154968301731842
308,24.511220599855143,47.810139755726212
309,24.589504923491447,48.116021000646271
310,22.831774075856991,41.482932777369683
311,18.491432085836383,27.210168399329540
312,24.515271706502851,47.825944760607193
313,22.066211602776377,38.747678979173045
314,16.764598339545216,22.365388234303211
315,19.733054960216432,30.986946829180365
316,28.321020017678070,63.827512291035859
317,19.504880463029895,30.274482072203789
318,16.246592275371274,21.004613715637568
319,27.507707954392504,60.214203458198384
320,19.842733053676405,31.332360561573385
321,22.048044042345278,38.683901741504286
322,21.727752715018017,37.568145372501220
323,18.631394244759239,27.623636303309027
324,20.152934184859348,32.319654474871932
325,27.766048268109238,61.350525150517946
326,27.172009701338517,58.753488486642517
327,26.990181947237005,57.969794453822665
328,28.659468681279840,65.362161462492082
329,22.808523701450572,41.398488824226185
330,39.596230552983066,124.766451835619662
331,21.424645608280379,36.527288071219708
332,21.174360167848590,35.678840158148319
333,17.844437948735028,25.339374070537307
334,17.552460665290631,24.516933716289728
335,15.096947638698305,18.137124472929695
337,22.479363458713816,40.212229689576688
339,22.485158325986156,40.232964668967540
340,16.503091974466876,21.673087089004479
341,51.194930784963105,208.566261374013919
342,18.084485796279978,26.025702770706509
343,18.482117709658088,27.182763067908809
344,27.777093612130724,61.399345381030678
345,28.981836566266203,66.840846615966072
346,21.086447823689443,35.383190219863792
347,20.211109320901560,32.506516998206884
348,18.219274525907313,26.415102215040204
349,15.896606911179619,20.109395070666572
351,27.099234622064355,58.439189773899635
352,18.199504645042420,26.357806839346622
353,36.553135313432357,106.325982437231517
354,26.924564125179192,57.688267804431177
355,48.173561416779286,184.674803154733354
356,24.330408954920799,47.107380331220469
357,34.558984158054542,95.041235268992594
358,18.958089083973473,28.600870748248450
359,17.321385883688468,23.875661329676788
360,17.675292539398367,24.861272672980398
361,16.696441835816120,22.183904846658610
362,31.573458523259667,79.329451097112567
363,25.964836738691289,53.648962580853549
364,23.656148297504426,44.532615617278552
365,18.878782387254081,28.362081253439950
366,22.118448731788906,38.931350133964074
367,28.290258774100945,63.688933429281093
368,18.051819765806549,25.931767163130242
369,24.217718362190283,46.672018569959789
370,19.076905920607352,28.960497081619980
371,14.909593423667513,17.689751709619269
372,37.789121144812654,113.638036050407308
373,23.776644986570904,44.987440221717229
374,39.859342478965182,126.430075286814059
375,20.169822553836990,32.373845586601568
377,28.078112744530852,62.737320065487303
378,26.549360761328412,56.091657525183521
379,22.401424957470258,39.933872358639022
380,27.944987855295935,62.143825786922392
381,28.958859331225707,66.734903776231150
382,20.620283129481646,33.836028666393773
383,18.078583041830491,26.008716027115849
384,17.384710798187836,24.050553561684922
385,19.013697317799259,28.768902078997190
386,16.180706433645078,20.834596457996842
389,43.052044286972475,147.495133970466469
390,29.765230530542855,70.503168792745399
391,24.266005813927183,46.858321804443761
393,19.533798018512151,30.364317330576164
394,20.976610884653986,35.015536124916601
395,18.078583041830491,26.008716027115849
397,18.078583041830850,26.008716027116876
398,35.591525104885214,100.805292010422960
399,34.692538150657626,95.777232764371362
400,22.969169581038773,41.983701375134181
401,28.160769874727102,63.107239494525942
402,22.036730631593809,38.644212544115632
403,29.392303439850490,68.747574618966652
404,21.644187142996518,37.279724707924004
405,17.953527934242945,25.650139978947216
406,52.960720350668375,223.201908183155524
407,20.072654448454664,32.062674973685191
408,25.160741082490357,50.377544260610790
409,27.618784691476957,60.701477876399636
410,16.166821027408243,20.798853555504326
411,17.256394471367059,23.696830158037894
412,19.761577820143749,31.076590841222146
413,25.307478095426649,50.966859661027172
414,38.373472460682272,117.179688064279873
415,26.506859120571619,55.912212205087904
417,37.425679766084691,111.462692684951477
418,20.417678314528580,33.174382687648404
419,19.474519728861306,30.180306654050465
420,34.009716047741257,92.044140758216329
422,55.511550607978094,245.220545014083029
423,21.943114302735800,38.316573661510049
424,23.310508702278277,43.240791843118913
425,50.079966726274698,199.580542725595706
426,20.265210093045877,32.680775756050004
427,29.569310652273877,69.578095321460083
428,26.181918552933411,54.549788490970414
429,24.215299643979531,46.662696401590885
430,25.162454630028989,50.384406320532122
431,18.051819765806549,25.931767163130242
432,17.678602898141310,24.870585948901532
433,26.678219740636056,56.637467600740358
434,16.254341754333534,21.024656519741185
435,25.588319494240682,52.104311947569236
436,24.197462767846687,46.593978672909401
437,21.459038346549907,36.644655874824537
438,16.169976247362964,20.806972821692167
439,26.075791149507324,54.108453820053008
440,51.312511073994635,209.525397071307992
441,61.627795417583378,302.234056640958840
442,23.612334487584270,44.367809693315635
443,23.573993551210016,44.223840678188637
444,31.397243238598563,78.446427631005662
445,22.035536410374167,38.640024219728708
446,24.053688916418636,46.041929547001956
447,20.702130132622941,34.105168881326222
448,42.410326846234021,143.130891042570170
449,34.565018935473496,95.074430849942573
450,21.075443650431904,35.346269714104025
451,38.213231097318264,116.203084861150870
452,36.489188022546372,105.954287312147699
453,36.762801139463448,107.549235104956807
454,19.244648236971347,29.472032707802708
455,18.753188744209549,27.985971357083194
456,21.055893318126017,35.280723211975129
457,37.040470619003415,109.180009549417633
458,38.005754198881753,114.944672296654034
459,37.599782750078433,112.502146103956079
460,24.673755631760283,48.446304478730987
461,33.907593315663746,91.492199278819029
462,25.884818664629954,53.318802847909105
463,19.602488505072259,30.578244696397206
464,22.100351149949095,38.867667995797341
465,23.778522477316553,44.994545247468999
466,17.486689570786798,24.333542398920990
467,17.211291529499743,23.573119495213604
468,18.436500245490546,27.048743963796145
469,52.530148580239967,219.587388796968497
470,25.974313264490196,53.688130826808042
471,28.251451298796574,63.514321277160299
472,25.559963540731310,51.988896098368791
473,21.858387821562687,38.021249955168948
474,23.005733904205673,42.117474385670775
475,18.884347942064192,28.378806271195586
476,27.163581763205620,58.717047017794357
477,30.267753585869922,72.903858659723312
478,38.680229656443544,119.060643059946202
479,22.909398402229396,41.765482752223861
480,21.732424236237502,37.584301599709605
481,19.915739793043489,31.563345032255565
482,37.185139047627260,110.034520580776814
483,28.881079701630238,66.376903111452151
484,22.578339745088211,40.567116893888191
485,24.851109595677528,49.145267721985725
486,36.649425084823463,106.886896803224943
487,18.139545090959530,26.184417617841650
488,39.384165948494925,123.433613018398688
489,24.569442108483244,48.037536377633984
490,15.837411421083466,19.959907933485368
491,16.439626327830631,21.506712008786643
492,20.976362900842499,35.014708228090875
493,32.646241986256953,84.811848108905707
494,25.574207760909452,52.046857654413870
495,35.395811744692296,99.699708652082236
496,24.998788006300561,49.731097463404382
497,22.403383127155706,39.940854121285220
498,18.421481663118001,27.004693485390902
499,19.043463241877156,28.859047960143265
500,50.060491130394745,199.425343173688361
501,22.880500518423549,41.660183360768826
502,31.661941039005892,79.774705133396822
503,21.534707552898936,36.903545472308302
504,22.752856777800297,41.196659515957855
505,28.217761561086739,63.362930471627600
506,20.701794851820633,34.104064191546371
507,26.982224660279066,57.935618004602233
509,21.527287358598059,36.878118212598039
510,32.048650259636432,81.735292948533854
511,25.537209757278916,51.896375031472687
512,24.815305216101049,49.003757080393477
513,58.917218873677108,276.232397271675723
514,20.789582428221273,34.393919358540849
515,17.928233776090444,25.577915548891461
516,78.623033812268019,491.914621615691715
517,20.911680771231637,34.799100400414162
518,20.911680771231637,34.799100400414162
519,20.056924600177275,32.012443112056879
520,16.990789337428545,22.972975345721750
521,19.518424529799283,30.316541491315707
522,17.156212965001984,23.422486279703921
523,26.344391112474451,55.228909315628606
525,22.380805616100318,39.860392105044660
526,19.199685513998102,29.334478120135152
527,17.906584755008961,25.516180242362747
530,28.112561071111212,62.891356162445959
531,29.637091154273495,69.897442868909721
532,30.627783909081852,74.648534248187943
533,32.194444798980633,82.480638819474038
534,20.284730709364684,32.743766086388483
535,26.194786419995655,54.603421834871618
536,29.140761162894989,67.575912505919149
538,19.970426024991919,31.736921332238815
539,22.195384488260547,39.202655062456870
540,20.638971909522919,33.897389672348012
542,22.464404206395198,40.158727753235304
543,22.990096769438384,42.060238846066746
544,36.343475801823573,105.109762706540465
545,22.893425845709242,41.707264813127992
546,20.570329842696744,33.672289543476779
547,30.533005881009409,74.187247594344200
548,29.578173388686352,69.619810513268689
549,20.901130949530646,34.763997368519881
550,28.567097460927027,64.941507964885020
551,26.707325258438416,56.761116184571215
552,29.568264060460915,69.573170040849462
553,39.782778682254296,125.944835485972646
554,19.526330181818921,30.341105007179991
555,32.938885443099430,86.339183168278382
557,50.313670422719582,201.447618337264885
558,25.880681918918828,53.301762071451463
559,17.162511293194779,23.439686997012789
560,20.875375439898860,34.678373981647482
561,19.300049206250875,29.641963522711244
562,21.749048963097231,37.641825576805388
563,17.067097320821276,23.179788333279156
564,20.922800971574759,34.836120462332367
565,31.755697631958604,80.247858593322761
566,25.066935821206130,50.002605425823660
567,19.473139521116188,30.176028898555192
568,22.913678624883786,41.781090518253080
569,40.922473341640419,133.264319172928509
570,23.914899592534109,45.512140304653393
571,22.966680204217308,41.974601560777359
572,19.404706548093891,29.964310919445211
573,19.300049206251234,29.641963522712341
574,26.818210212058958,57.233422525065336
577,27.697095489368877,61.046194011709716
578,25.182323245884092,50.464006157479780
579,20.472420899648409,33.352511266335448
580,23.887157162126243,45.406609020118964
581,20.641566808013000,33.905913916210871
582,20.672190760932846,34.006594582535300
583,20.431539791519022,33.219441878900291
584,30.935127210847590,76.154215478716765
586,22.986871897682391,42.048439908073348
587,36.028930315132925,103.298228222668158
588,20.466857950622824,33.334388044573387
589,22.581920821401056,40.579986348749856
590,24.015957036596220,45.897595263073335
591,24.489044037260154,47.723666304540998
592,19.167402179141906,29.235912068132894
593,21.837874052435165,37.949918696898187
594,40.052214008717129,127.656576129231311
595,30.583795501720978,74.434263957030993
596,19.430041480206576,30.042605260357451
597,20.485680949995590,33.395730307800818
598,30.338936599546290,73.247169149978802
599,20.298695572931948,32.788865982652631
600,19.803191134343173,31.207608874372418
601,24.816239956719961,49.007448887891137
602,32.205179216830793,82.535650126620197
603,20.431539791519736,33.219441878902614
604,16.852834766778727,22.601437470880242
605,20.872181614431781,34.667763566357316
606,20.713367446692089,34.142204153316129
607,20.570329842696744,33.672289543476779
609,31.608080706296132,79.503525448638683
610,20.431539791519736,33.219441878902614
611,24.468238850608476,47.642611444733099
612,25.982709262325780,53.722844990671703
613,18.309634333523853,26.677767170441779
614,21.586178936281154,37.080167008341114
615,24.818188889217964,49.015146747071512
616,25.348287552695780,51.131364940004850
617,22.612852765273534,40.691232645935685
618,27.346688629550595,59.511326058381435
620,17.415183575697405,24.134941446711977
622,37.438810836794353,111.540921391546021
623,38.020867881403724,115.036110171964367
624,23.270927445423983,43.094070737607566
625,25.666804206593625,52.424431715139832
626,23.177018179261818,42.746962362229063
627,22.783992817753660,41.309487412879605
628,25.089018866553605,50.090745132649609
629,29.736865171063922,70.368858068820273
630,26.400145423423151,55.462925594561781
632,63.974190795707301,325.686486063762288
633,32.000807476539620,81.491443359183165
634,22.045016018635220,38.673276968814470
635,36.762764627437576,107.549021473874120
636,20.033737083717355,31.938467665508924
637,25.166382920086967,50.400139285780796
638,21.060349163611207,35.295656996332966
639,25.840132035340556,53.134866390209794
640,26.083259847886982,54.139454037349132
641,39.738298262911293,125.663359556471832
642,27.627440294129336,60.739530977505297
643,17.009510557907880,23.023628563762031
644,32.247450001965092,82.752456022662713
645,27.091103596345924,58.404126106969350
646,46.713871962959480,173.652831094943252
647,29.545729497161616,69.467164252019984
648,33.115539954517473,87.267757742728875
649,31.141012777780713,77.171261821435237
650,27.618573195087638,60.700548212449171
651,59.285373306524114,279.695354844757560
652,31.357957960286935,78.250240870304594
653,28.450823328904857,64.413932465721345
654,37.088671943374017,109.464349631022472
655,20.313323525637752,32.836140626453300
656,22.186040343137254,39.169653769790131
657,26.718549443420059,56.808835762392235
658,28.247968748940220,63.498663450950190
659,32.530946548941344,84.213852658526363
660,22.542409288197103,40.438105170631950
661,23.958707378024574,45.679033098856408
662,31.346577826374393,78.193455499565914
663,66.126520747254744,347.969742444214944
664,30.153831085470774,72.356096842482899
665,20.627061373621292,33.858277299649480
666,36.214783526222313,104.366693144679616
667,26.729480954109928,56.855330309909043
668,27.920535685440267,62.035120313192934
669,24.455163284075788,47.591705640722623
670,23.828145700413781,45.182538773077724
671,28.894560673332087,66.438883757802103
675,28.521328225422511,64.733580498792719
676,34.524977595415429,94.854283272682423
677,34.629548748706554,95.429753215200535
678,23.997304168244380,45.826326870004223
679,34.353922337888783,93.916693707022105
680,24.487233132995151,47.716608471222749
681,20.929943270985198,34.859908144528156
682,23.365770305572656,43.446054451786701
683,26.361302167134188,55.299837421068396
685,18.309634333523139,26.677767170439697
686,22.324167896074265,39.658902920039921
687,17.739544307029533,25.042348493325232
688,25.127974979440644,50.246419268097831
689,22.596758259749919,40.633329982016861
690,25.727332298743043,52.671980440686745
691,26.135844535891735,54.357967830724853
692,30.628409154449400,74.651582077360118
693,25.584170974766408,52.087418440305086
694,23.172438227848460,42.730069795162990
695,22.986871897683105,42.048439908075956
697,20.105555707554167,32.167869523731852
698,36.274473675250896,104.711016473834249
699,32.207759586578547,82.548876634396635
700,22.268275010152646,39.460564004149909
701,22.105014451579354,38.884072330811961
702,20.344038148359360,32.935515025235226
703,19.403073009652957,29.959266185236721
704,38.254024823836247,116.451317578564442
705,27.580476628184140,60.533205201556356
706,23.664790382993406,44.565158951391922
707,22.948343696457446,41.907603601073141
708,21.950537950921618,38.342504062731017
709,38.034421871480390,115.118142818798006
710,37.333533391410462,110.914500157660470
711,21.935570970605383,38.290234195118323
712,21.638991596288285,37.261829343882795
713,20.897718550916260,34.752646888695956
715,21.440339541115677,36.580821443628125
716,28.608358458989642,65.129240481165041
717,21.834277815537465,37.937420624959245
718,34.110275688483569,92.589256138510535
719,21.430353392581075,36.546753285004201
720,19.517200981578231,30.312740714494957
722,26.200567657412396,54.627526645301906
724,26.359275795169090,55.291336040324097
725,42.442139166635037,143.345698795616471
726,86.567291468982631,596.345291910519336
727,32.075815452274313,81.873913200738968
728,25.115931925180526,50.198267728113692
729,28.674440998458376,65.430472473455708
730,21.837874052435165,37.949918696898187
731,22.707521773752013,41.032654608819740
732,28.894560673332087,66.438883757802103
733,24.248588440882969,46.791079096731551
734,22.717160248780331,41.067495588509061
735,36.119384555057955,103.817560429534410
736,22.605643250003997,40.665290116665140
737,25.002323157899351,49.745163697283516
738,24.928345633395661,49.451224628689353
739,21.304562108486323,36.118970270995561
741,27.789898592240974,61.455967475969551
742,22.048379296430671,38.685078175538358
743,24.890113837325039,49.299657462521203
744,41.144757061934236,134.715988063504739
745,104.319210786073867,866.001654176444731
746,28.296416677159467,63.716662617964644
747,38.316664677741883,116.833001117195067
748,41.564308488803775,137.477382544995464
749,32.019132725236929,81.584802162754002
750,42.061145036117367,140.783681783805065
751,28.642725293431958,65.285812221514192
753,27.868556870306836,61.804357508449336
754,30.732323192303323,75.158987251017720
755,24.002896016437305,45.847686245825578
756,26.915179539099942,57.648060196012807
757,20.545750316706538,33.591867455675342
758,18.760080547733150,28.006544845596466
759,26.433755408821096,55.604235021920147
760,30.411520036458494,73.598064175435752
761,25.683648022146151,52.493261258086086
762,22.005899773058012,38.536156515114023
763,27.949208231158316,62.162597676058049
765,31.756515721021728,80.251993331085416
766,32.164313672966145,82.326322038506419
767,23.658758831883663,44.542444803087420
768,77.842179968252566,482.192127557175638
769,28.894560673332087,66.438883757802103
770,46.493827554116613,172.020710431845629
771,35.101189002989123,98.046883005001661
772,50.614223959974375,203.861540112716426
773,29.003597138784251,66.941257169963848
774,24.122249941265920,46.304773278292892
775,23.601567329305162,44.327355725385068
776,21.577476373649489,37.050274971469541
777,47.826295136045516,182.021888151734686
778,42.351833608508919,142.736344888097591
779,29.256299353928689,68.112828926806003
780,26.565595405777589,56.160277372136093
781,25.268388626065491,50.809536289522846
782,40.058797468878247,127.698545896693560
783,26.446659366339862,55.658536032671321
784,22.578915685465081,40.569186535752905
785,33.426827680770757,88.916111349062078
786,24.447851868190256,47.563252693343678
788,17.007443948409584,23.018034286508620
789,45.381499649788907,163.888251720866094
790,25.844080738227024,53.151107006249767
791,34.866931840829466,96.742565797311784
792,24.856040936031935,49.164773980780879
793,22.033328145988410,38.632280082053093
794,45.863586969386532,167.388713436075079
795,56.201337355856317,251.352631361799439
796,31.512516847874988,79.023510332640726
798,24.412373322186408,47.425305962312649
800,56.521700124451534,254.226354052294482
801,37.639422389040739,112.739482326088307
804,28.081021094386010,62.750317486443500
805,20.713367446689944,34.142204153309066
806,22.997628786669278,42.087802917820476
807,20.850164121531972,34.594661993978455
809,20.850164121531972,34.594661993978455
813,22.979417974330133,42.021174342540682
814,26.465908547079792,55.739587564130630
815,20.805318458441523,34.446005886739606
817,18.636431653780402,27.638575643245879
818,24.920233759140682,49.419046251954263
819,28.089965425081857,62.790298153444347
820,32.375118981184812,83.408993830580570
821,19.823481558782223,31.271592504389830
822,23.151293353269558,42.652122906250597
823,20.436163881154485,33.234480105193107
824,18.460057670161753,27.117911737881336
825,30.397630272691224,73.530851074803707
827,28.005941480455871,62.415217748749811
828,36.456075574113200,105.762076183460422
829,42.340825753410428,142.662156043062510
830,31.489839591896249,78.909816362592153
831,25.175939194801309,50.438422818445197
832,34.696168475941313,95.797278614028329
833,28.664212712277770,65.383802183571547
834,23.353939816999606,43.402070630705552
835,47.018807309242064,175.927346775644480
837,27.309777722029569,59.350784893645773
838,41.627957226474891,137.898751837631750
839,35.240043097862383,98.824129547807956
840,24.896157111308799,49.323600101585868
841,51.653700444988047,212.321031389270360
842,21.426921970017126,36.535050508902664
843,21.120577373666478,35.497822106831144
844,19.558961376580591,30.442598095383310
845,26.304768664848325,55.062903661342645
847,77.645557313249753,479.759252333064865
849,29.253513078217694,68.099855851744195
851,26.899837172171633,57.582357077906948
852,20.085690394398423,32.104333940194110
853,34.117989177435632,92.631136008475551
854,35.942419096853435,102.802752694377176
855,21.652390428497714,37.307988571687325
856,26.867519644925473,57.444081033676248
858,35.467812484260143,100.105731481546798
859,27.308820413910986,59.346624040124432
860,36.144731166988933,103.963318544900645
861,23.930375954518492,45.571065098958179
862,28.966318275387099,66.769286071530701
864,38.511550181543939,118.024491151871871
865,19.457555907475772,30.127750765199913
867,29.500243990570549,69.253440170606751
868,29.019520447816841,67.014780390050177
869,18.013910569701366,25.822967026167618
870,29.397711528687669,68.772875609479030
871,22.538643978663991,40.424597362782116
872,20.578398070082226,33.698709048647537
873,22.186237670083855,39.170350537886733
875,39.463578499693313,123.931887399683788
876,41.279888371204244,135.602333898376827
877,90.317771111922397,649.137291025344325
878,30.492462930723509,73.990360790338855
882,20.588036621995172,33.730284181199892
883,29.913550700493992,71.207554111808790
884,54.180855112160842,233.604845087935956
885,32.474780439987462,83.923305860510197
886,21.981687227528305,38.451402413418450
887,19.105195634618923,29.046453541643828
888,20.700660425622942,34.100326594482205
890,20.409044099561012,33.146331095938891
893,30.436562322675947,73.719322344638513
894,31.456931388840360,78.744974405855672
895,20.736810102536371,34.219529761225601
896,19.592089927426279,30.545811476047486
899,19.615447560416879,30.618688148175845
900,28.033494932202018,62.538091723619942
901,23.202312707779033,42.840318140419392
903,36.994115656753713,108.906909976175371
904,21.004943958250582,35.110190860127453
905,21.291759132376693,36.075571926323015
906,21.936821342606969,38.294599561434055
907,20.468880635038609,33.340977065622248
908,21.162397312937667,35.638536676523884
910,22.581242979826232,40.577550206206041
911,18.840092213103031,28.245949884100742
912,19.207624058671065,29.358741143419110
913,25.273884653228514,50.831641455393608
914,20.958421323153239,34.954836033315921
915,21.221626909950981,35.838307059840112
916,44.370981769040192,156.670854582215895
920,44.342432988163161,156.469311915961697
921,22.415224719956470,39.983087771740841
922,18.414468964926332,26.984137080340854
924,22.028720921099001,38.616125555390610
925,29.065070960564249,67.225325105192681
927,35.473662703819549,100.138757978890794
928,32.710964543449109,85.148467620406095
929,25.308266860685460,50.970036707319636
930,25.269301068740962,50.813205825159862
931,26.552241282087593,56.103829716480909
932,18.787934964367125,28.089773177781559
933,20.676751071719526,34.021600030905702
934,20.881962445716951,34.700262228941902
935,23.273302230374735,43.102866637360208
936,19.623324506506158,30.643284087740728
937,16.150557676971204,20.757028523344662
938,17.499801859435713,24.370048800691585
939,43.924572554847430,153.534233020426115
940,32.943376899868063,86.362730725661010
941,21.572904827046223,37.034577202824849
942,19.528680261073440,30.348408816103305
944,34.868838232695481,96.753145121200774
945,29.382513092166072,68.701783681663002
946,24.411668309994106,47.422566782824440
947,29.634105123209743,69.883358799714117
949,24.379575013019466,47.297958659303234
950,23.006680292900846,42.120939636694331
951,22.130634115884064,38.974257675600747
952,25.651934579453968,52.363706901711680
954,21.564513859871617,37.005772970058899
955,21.401550207449947,36.448578936437656
956,18.063726485417071,25.965986883047044
957,23.238467713440141,42.973934021294077
958,21.128993963845527,35.526119643017296
959,18.801503663492191,28.130360854102264
960,21.250359633729971,35.935418301833096
961,16.732202729482310,22.279034796298845
963,37.880690419511211,114.189430719095824
964,39.817976635549620,126.167794346086708
965,35.426489129699412,99.872602087879102
966,25.131614460983947,50.260975487531091
967,22.767145859973102,41.248419811603938
968,23.399453279695155,43.571404233692355
969,16.306153364816151,21.158904644518497
970,18.453234368040974,27.097868516844912
971,36.409800244208533,105.493749508578460
972,23.008561087257764,42.127826685387710
973,30.485014047159037,73.954215578646270
974,24.815671814835998,49.005204964906220
975,23.435606857831090,43.706149185766918
976,22.794649971889761,41.348141264212664
977,19.423684860936440,30.022951348089858
978,22.017226736408645,38.575837689245816
979,34.256415474312242,93.384322105523268
980,40.129843842622030,128.151907679141175
981,33.158480562259008,87.494223028991655
982,28.849702242458385,66.232752878341870
983,23.411185880625080,43.615109020491737
984,31.205402049725201,77.490720826926037
985,27.041560573723029,58.190707619808798
986,30.331764726481133,73.212543196150321
987,16.625829604208956,21.996662243300154
988,19.860900850994515,31.389761986034664
989,20.400876628698782,33.119806823444719
990,21.926045850167313,38.256987747464692
992,22.119760495756996,38.935968021710543
993,17.874810765896207,25.425707208691328
994,59.871266300807619,285.250900078201994
995,19.892982341857380,31.491252215756013
996,18.638120674232027,27.643585640415246
997,19.273692771763873,29.561059788883725
999,20.042879511990474,31.967624659512978
1000,21.583141365682003,37.069732025786585
1002,23.814226983047622,45.129769302847649
1003,35.339153209499209,99.380782875958815
1004,30.436543034389654,73.719228909714502
1005,26.657170176337214,56.548127030267416
1006,32.067644190859909,81.832204023693890
1007,29.164578714481614,67.686420979918665
1009,40.526742160690091,130.699378568567823
1010,42.390235231587802,142.995308520986470
1011,19.273692771763873,29.561059788883725
1012,18.481174823610239,27.179989620118540
1013,20.894005661605231,34.740299007921152
1014,25.415202683151694,51.401677321819207
1015,47.889951671481441,182.506750873333488
1016,42.275906725083750,142.225018207385006
1017,20.323854440024036,32.870195538184738
1018,23.067728966866017,42.344773683560916
1019,21.898030836000952,38.159287928887977
1020,26.199839957457915,54.624492215122629
1021,18.946717743667222,28.566570593421936
1022,28.783309385700836,65.928256026946912
1023,19.290354709409026,29.612192432842342
1024,19.368241934767454,29.851801061400920
1025,24.089511270828886,46.179169075619754
1026,26.332083135397088,55.177315991075680
1027,43.730228010108490,152.178612306000133
1028,30.093809297599531,72.068331090398232
1029,20.710484098701212,34.132699469522130
1030,24.890393186223900,49.300764077171408
1031,29.941430820158597,71.340350135301193
1032,23.661281068556370,44.551942560526996
1033,14.473211638950298,16.669399747488555
1034,17.419162362028398,24.145970758493352
1035,30.852788278929143,75.749361036410107
1036,16.197792130498645,20.878619448247385
1037,35.425939805377851,99.869504856096739
1038,34.484300229078414,94.630900104951237
1039,20.703785200588076,34.110622293941383
1040,22.232001304474345,39.332110851272560
1041,22.655527352517097,40.844961156417789
1042,26.105942715328030,54.233657908930219
1044,21.172260494478767,35.671764601137042
1045,28.995019406558701,66.901667648259803
1046,19.428085847672346,30.036557991790119
1047,22.191067839131211,39.187407959958207
1048,39.777929752739063,125.914135749412068
1049,21.975390849276021,38.429377725548711
1050,19.455157230795546,30.120323082185184
1051,34.326559436635542,93.767143984314274
1052,18.536443558172021,27.342798515959494
1053,19.280901259260599,29.583175984366317
1055,18.475811743167842,27.164217103299737
1056,17.819670710057267,25.269083171240368
1057,24.576009886408986,48.063222108595468
1058,15.902662523774476,20.124718831393277
1059,21.350963928845538,36.276477487458713
1060,16.188260555064556,20.854054670265100
1062,20.846192875982222,34.581485041201198
1063,24.335489498333683,47.127055798179576
1064,22.857598648636248,41.576826914935069
1065,20.670453444095198,34.000878909005166
1066,33.442092645010646,88.997340186636450
1067,26.301197747230987,55.047954908198015
1068,36.478639292831225,105.893035108796937
1070,17.264053297670415,23.717869336452310
1071,39.838133276978930,126.295563906163636
1072,27.513747213893332,60.240646164375988
1073,26.408453019962181,55.497837228407590
1074,36.464082904504934,105.808541134962709
1075,34.205335725847121,93.106038968879972
1076,34.600064829570123,95.267322837231575
1077,25.002331290888122,49.745196060430011
1078,21.709817458424020,37.506149431844307
1079,26.225732776740628,54.732514326061185
1080,29.442645600943571,68.983273419631530
1081,18.399093607996715,26.939094507446921
1082,18.683314497774752,27.777808830808631
1083,19.766835563027701,31.093129445768934
1084,17.630264190246887,24.734764313152670
1085,18.895240466963450,28.411553602947752
1086,29.943203319877469,71.348796925582590
1087,40.798311571928977,132.456878616823758
1088,33.525437886464488,89.441495875896152
1089,25.069516876557444,50.012903145308684
1090,18.619594547808784,27.588657995542508
1091,14.417402253915398,16.541091627019849
1092,18.481396840472421,27.180642657851614
1093,22.980193076661973,42.024009162775513
1096,18.741094500268066,27.949885758314394
1097,23.091396212887528,42.431708838132799
1098,20.570824774931229,33.673909906603818
1099,18.054504059097425,25.939479808712303
1101,50.034099775976401,199.215128792381591
1102,27.314610117285369,59.371790690844222
1103,24.909677922902016,49.377188789394495
1104,21.912976280921580,38.211393267324752
1105,17.117817145827715,23.317763961471059
1106,15.589907027724122,19.340922577546959
1107,21.882593999089018,38.105506738899074
1108,25.036760732952583,49.882293562378933
1109,29.470696484318314,69.114780864283972
1110,22.781568659097722,41.300697432569727
1111,23.276440328364828,43.114491127680111
1112,18.421390971808560,27.004427590928177
1113,18.884891807013080,28.380440901135778
1114,16.888334686600739,22.696756067399047
1115,29.590980364596163,69.680112564670580
1116,32.353612646136774,83.298215799888013
1117,53.008978234779377,223.608857300808523
1118,25.607678239982643,52.183180407967072
1119,16.785906299605852,22.422277596777395
1120,20.213518900474508,32.514268349921352
1121,15.933553265709298,20.202978844273250
1122,15.867503205073440,20.035829412457243
1124,15.865195282667779,20.030001428540530
1125,17.063852566760673,23.170975403783554
1126,28.050377197204693,62.613437487382697
1127,18.648357622164855,27.673960340368996
1128,20.800032076756793,34.428503477348244
1129,27.306700989285584,59.337412670784531
1130,20.288783051619934,32.756850036345341
1131,20.195785848267420,32.457244700631335
1132,20.098127210063144,32.144103476489690
1133,23.060383238659810,42.317809289041143
1134,18.913901326723160,28.467699574947083
1135,19.947721178311063,31.664797451776526
1136,20.610065016946244,33.802502969105127
1137,23.437371287616671,43.712730567242673
1138,43.959029945168908,153.775212670567868
1139,29.742093382659920,70.393604162212839
1140,42.439817974002331,143.330019855402867
1141,31.158594517150728,77.258425847702469
1142,27.641585725933346,60.801744982044333
1143,19.248742295063511,29.484573653938938
1144,21.009999568674193,35.127094005272596
1145,13.671690908003198,14.874233620835247
1146,14.891318645225352,17.646413415520971
1148,36.197816513095255,104.268922231093185
1149,26.924332435403382,57.687274976895324
1151,16.413722672472446,21.438989843335499
1152,23.604954960905044,44.340081619880664
1153,30.970072301736604,76.326364056047282
1155,23.687083648243100,44.649163149600298
1156,17.081480900028655,23.218875098641441
1158,19.838421046566143,31.318744424991507
1159,33.309253818906051,88.291713178068392
1160,20.288783051615649,32.756850036331507
1161,19.247936801897204,29.482106051089250
1162,15.853161277216005,19.999626797115383
1163,17.230910910011225,23.626892752111040
1164,33.369697939992022,88.612438290965784
1165,23.381440021796376,43.504346184742865
1166,21.774475730241999,37.729890982614180
1167,24.633177396102372,48.287086800900667
1168,25.048494035067428,49.929058491070485
1169,31.145018740743723,77.191117636851885
1170,16.620043390872802,21.981354107037134
1171,19.447963507622386,30.098052667778941
1172,25.560546071588647,51.991265857721430
1173,20.080962513967513,32.089221929090151
1174,19.149649484660209,29.181781012118233
1175,29.398906133934918,68.778465031447837
1176,26.487221756426223,55.829398790167360
1177,18.066645488516695,25.974379494646612
1178,19.431472664225421,30.047031198418523
1179,16.342507652473866,21.253356642687773
1180,17.479540922140636,24.313651110979109
1181,18.673596211063387,27.748918614209057
1182,20.662170623892489,33.973635506421601
1183,22.040310904596907,38.656770493161659
1185,22.270750374828662,39.469337446659729
1186,29.131000759006419,67.530652346951172
1187,18.646799763512362,27.669336842828422
1188,16.620043390869945,21.981354107029578
1189,19.341278362052133,29.768742316968716
1190,22.095083188416666,38.849140780967517
1192,31.089752625665337,76.917412989602141
1193,17.268714242574625,23.730677754398453
1194,20.782087462172996,34.369124748867101
1195,17.764374846069721,25.112502516126646
1196,26.202798337414887,54.636828865025898
1197,26.960947209394259,57.844281116231599
1198,46.747177413743763,173.900536854687942
1199,45.199559080071026,162.576785591407202
1200,60.954855844331533,295.669653953836644
1201,24.914700971496437,49.397104665191399
1202,39.993065435615215,127.279811492251213
1203,22.943308876481272,41.889216732166865
1204,17.816827903855835,25.261021363868462
1205,18.786489978354798,28.085452557283439
1206,45.435258586131532,164.276765833227955
1207,34.134128310808180,92.718792982864201
1208,23.376676643565411,43.486622165463167
1209,20.378102587477123,33.045903054238266
1210,38.196245672216946,116.099805443049306
1211,49.712266192671564,196.660554256385922
1212,19.248742295060655,29.484573653930187
1213,23.803136687338004,45.087745184649712
1214,24.756978722447396,48.773668569297456
1215,18.437599061634845,27.051968272299259
1217,14.916292500208083,17.705651757359867
1218,23.102799733164204,42.473628376104543
1219,33.529000360151535,89.460505316185944
1220,29.932588657528463,71.298220563144781
1221,26.455256553350068,55.694728476640783
1222,78.593100459699443,491.540129558991339
1223,26.126978352301030,54.321093875872229
1224,35.937935469215205,102.777106089301725
1225,22.672481196074163,40.906115167330690
1226,21.411028319972804,36.480870076746136
1227,18.475811743167842,27.164217103299737
1228,20.001719579448359,31.836462445070858
1229,21.259922540782007,35.967768284948043
1230,23.552131151969942,44.141852792862288
1231,21.982998739706623,38.455990868019342
1232,29.931562456741652,71.293331909064747
1233,50.027858433346573,199.165430993027940
1234,23.466005930864501,43.819608003456032
1235,18.182993070341915,26.310002079543334
1236,18.986408528567726,28.686382080897456
1237,16.789988891996497,22.433185813511169
1238,20.605910078882108,33.788875341126335
1240,24.037507360557285,45.980003124260143
1241,25.586817975107454,52.098197179000508
1242,22.343822514485154,39.728766553195676
1243,26.636267673559786,56.459480414083494
1245,19.114175088097774,29.073763659411917
1246,20.594877817819867,33.752704368456868
1247,15.759936801670976,19.765102877743608
1248,16.936340646384512,22.825972851907935
1249,20.819379404426364,34.492581198438295
1250,17.370605791163747,24.011542776497905
1252,15.761109910105651,19.768045462114401
1253,17.164799463214102,23.445937546652559
1254,40.290819637602887,129.182100137560695
1255,34.086618513993010,92.460870156959203
1256,25.458595147209138,51.577347729096317
1257,18.103795956609954,26.081311628996588
1259,21.143893240785932,35.576240355899387
1260,21.948701934518450,38.336090140446714
1261,23.693871211650933,44.674755362762276
1262,23.692658045397689,44.670180633915166
1263,26.652946306436078,56.530208173395550
1264,29.125378230745547,67.504586894379557
1265,22.674169132470631,40.912206206971057
1266,20.249224143628346,32.629236475834340
1267,19.436620882707956,30.062954764873794
1268,31.085165619796705,76.894717756139272
1269,18.653608205764165,27.689546152375396
1270,18.055132449490980,25.941285497036571
1271,24.396940572880453,47.365363284489874
1272,29.237863599786959,68.027013854178051
1273,23.146780317717798,42.635495603199672
1274,20.138271977865291,32.272643446554561
1275,17.925434462527797,25.569928703456842
1277,27.122243309147098,58.538467843691521
1278,20.437265859434877,33.238064404367577
1279,17.408337728487531,24.115970455526522
1280,25.227802801991583,50.646447868482660
1281,20.980477173322214,35.028445040234210
1282,18.544052548965599,27.365250913884015
1283,19.273411863860073,29.560198109191706
1284,18.615294141499600,27.575915640955397
1285,27.307313600997606,59.340075108970176
1288,44.247395228433284,155.799319038388944
1289,21.100345341241116,35.429845830815495
1290,22.663541734704001,40.873864039451064
1291,18.230716448843616,26.448290635194343
1292,18.471673562243140,27.152050075635294
1293,21.088223483349939,35.389149606613771
1294,21.114450814893569,35.477231007745075
1295,18.055132449486692,25.941285497024253
1296,23.804321185628542,45.092232634065134
1297,15.632439864611786,19.446599469338164
1298,16.307308473902509,21.161902495470343
1299,19.723258765246303,30.956188406249922
1300,17.966036070623460,25.685893086912071
1302,31.609183477735275,79.509073127880555
1303,27.140467877299226,58.617163157436821
1304,19.025620660907574,28.804994905938656
1305,44.504066024377899,157.612086535073871
1306,27.567402909938441,60.475830812319003
1307,21.742624357280182,37.619590289785606
1308,17.169653075486536,23.459198823541744
1309,19.583067148985627,30.517683325643073
1310,19.845690731557703,31.341701808682483
1311,15.760668835577412,19.766939060424033
1312,23.044885006999110,42.260947196558099
1313,20.332860888923069,32.899334630150904
1314,18.814390425890430,28.168935801826088
1315,21.127656655922713,35.521622707871934
1316,17.110344942911897,23.297411245447371
1317,18.814390425891858,28.168935801830369
1318,17.523205552249177,24.435275884311896
1320,16.283958565136512,21.101343791984373
1321,17.904987367594220,25.511628016714923
1322,15.664046123860778,19.525314707022130
1323,21.041516397250895,35.232560449066170
1324,19.382837323176823,29.896809049021915
1325,21.811495687056084,37.858293273863204
1327,17.319440419959236,23.870298407223483
1328,16.606444496434264,21.945397543665802
1329,37.984498274623618,114.816135338728586
1330,14.827487138082580,17.495455257286785
1331,15.872221534945103,20.047746814542140
1332,17.972331524831539,25.703897358348392
1333,27.546856735184935,60.385718301329952
1335,22.173213174898493,39.124373901379172
1336,16.565598643897697,21.837574813935198
1338,34.416670628659816,94.260089369651268
1339,25.448950201952741,51.538275151731042
1340,16.866037308218285,22.636863356326966
1341,18.389884652001019,26.912134608497592
1342,20.140869969723507,32.280970821740858
1343,29.063796340575497,67.219429033967387
1344,19.872291445772792,31.425777531540124
1345,19.955555369766582,31.689674157849712
1346,19.322848594988361,29.712037730146474
1347,16.555485994279536,21.810920982514961
1348,20.492797407556754,33.418936817548300
1349,13.468967865554768,14.436395434339033
1350,71.543624752627451,407.316511650232542
1351,29.564435136655156,69.555152539487850
1352,19.098156669269191,29.025054198797502
1353,18.659471879395426,27.706957044550286
1354,16.415728233249244,21.444229340170416
1355,21.899480686538759,38.164341086047216
1356,21.858039743512858,38.020039046361667
1357,19.406190797252755,29.968894983015144
1358,25.070713988333384,50.017679660553917
1359,31.423048932967216,78.575432361940202
1360,22.273422348074217,39.478808823990029
1361,19.322848594984073,29.712037730133293
1362,17.118684805562083,23.320127860730476
1363,19.138378601424112,29.147440158490568
1364,21.887637644332802,38.123074382526852
1365,32.135688283088044,82.179850739701038
1366,36.700277262879453,107.183720145350250
1367,33.181074201950501,87.613497881185182
1368,37.141108333618718,109.774092344000792
1369,38.392626742085334,117.296698735974132
1370,71.058259407819776,401.808635525946386
1371,30.559971831071611,74.318345923105298
1372,25.356829614164784,51.165832030060059
1373,28.129781362824051,62.968427703071953
1374,21.471229373156884,36.686303861508740
1375,21.054806430318404,35.277080982445916
1376,19.632623677713962,30.672333667312468
1377,20.962815106856251,34.969493634232592
1378,22.715458335397379,41.061342468888142
1379,23.819008637908453,45.147894320773183
1380,24.676859681692047,48.458494694887847
1382,26.932158555139825,57.720815874264289
1383,42.373820597775278,142.884586739845133
1384,34.576728804891026,95.138860020638376
1385,45.893278865033167,167.605517107463271
1386,30.931718271755877,76.137432565454176
1387,28.806536288017405,66.034701536230344
1388,24.829225890796238,49.058751906596100
1389,22.516114433600862,40.343821199074398
1390,28.305126900798101,63.755895274551463
1391,26.112045929478541,54.259019055516482
1392,22.775467539318736,41.278578959133611
1393,29.976460160785525,71.507374034024991
1394,28.374158234272368,64.067253800677634
1395,59.646670785097882,283.114786673612457
1396,22.494408568683749,40.266074619563213
1397,29.046149345338740,67.137825047725272
1398,23.782339888343564,45.008993282309007
1399,19.318453703957793,29.698523540720213
1400,21.533692008004916,36.900064921351301
1401,20.821248223641614,34.498773822182613
1402,27.789106377887066,61.452463641261460
1403,24.043118640092459,46.001472635306357
1404,23.716024956473326,44.758336117619592
1405,20.422170001993248,33.188980365878010
1406,33.110623403561966,87.241846975274200
1407,31.932108992657735,81.141931589526891
1408,22.941466266510599,41.882488636460067
1409,25.198276516254694,50.527965382788658
1410,23.638539486949643,44.466343244530577
1411,19.868435743090156,31.413584000636543
1412,24.273996103970550,46.889185822857030
1413,22.587959505856503,40.601692429412076
1414,28.610456034819954,65.138791433146679
1415,18.663026887642214,27.717515525990908
1416,22.346060905631703,39.736726961372206
1417,22.546247808704031,40.451877940846011
1418,25.997601335357540,53.784445480215581
1419,34.101685913193521,92.542629674893234
1420,34.425725286059780,94.309693533711851
1421,22.364128543502769,39.801010240682039
1422,68.735644212156970,375.970829625349324
1423,53.704574430905865,229.515856512225582
1424,21.996129740052638,38.501946058185801
1425,29.481121886103857,69.163688891220403
1426,21.184544773825454,35.713170576188780
1427,31.867035155879805,80.811553374503561
1428,35.639836856755743,101.079142908991741
1429,18.883391453173036,28.375931580938222
1430,68.029132820101623,368.281586965675615
1431,69.737413673114602,387.009663733613991
1432,26.241663512406856,54.799028695804715
1433,29.310856564536930,68.367099691072497
1434,32.501632921159654,84.062150875507868
1435,38.960478335154917,120.792145853919067
1436,19.540597208154978,30.385459013523292
1437,18.821325411096112,28.189705771178787
1438,16.912013026391488,22.760444792071809
1439,15.811783409794598,19.895362175024086
1440,17.406279661026478,24.110268663543991
1441,19.154576752807849,29.196800081637335
1442,23.677869573309181,44.614433612996763
1443,17.576827833622428,24.585052134287935
1445,20.558765969659298,33.634441571559137
1446,18.864093759429490,28.317964214577923
1447,19.955555369765154,31.689674157845175
1448,42.870266723981977,146.252233471874177
1449,19.154576752810705,29.196800081646046
1450,19.367933559415238,29.850850486081441
1451,20.079705194996560,32.085203683015273
1452,21.490598090521704,36.752521508525255
1453,21.061742568014949,35.300327645473821
1454,21.325190150811370,36.188948179565777
1456,23.316491407184451,43.262990423033173
1457,19.522987556222290,30.330717978736548
1458,19.981770362176242,31.772988324131632
1460,27.390955987975900,59.704149508206505
1461,35.892950440979646,102.519966257124310
1462,33.643860558516259,90.074484353301756
1463,26.084263854342883,54.143622029221461
1464,22.995088181278582,42.078504342420509
1466,21.721985222533807,37.548203573497659
1467,17.540445213727416,24.483379309552749
1468,16.946299708925871,22.852825420936842
1469,19.099948493331571,29.030500821857419
1470,28.773196029745392,65.881934822147130
1471,18.599359170756252,27.528725053477647
1472,22.112875649895532,38.911733905810671
1473,35.533970125903608,100.479531573404913
1474,69.179782965195912,380.845235110524925
1475,44.138828443778067,155.035708891403146
1476,20.028891811835905,31.923020537993619
1477,21.237467337643377,35.891828496773151
1478,25.143846522953424,50.309913448472415
1479,35.816850807058003,102.085704862881059
1480,19.908751042572774,31.541196757497907
1481,40.147096648236349,128.262122672165361
1482,20.568751510254287,33.667122486993662
1483,21.542459635120348,36.930119393463023
1484,21.343605422937799,36.251476773215543
1485,27.299536177636707,59.306278509922855
1486,38.452382474307868,117.662112898447234
1487,36.800964010408066,107.772641254732974
1488,19.761324197872220,31.075793165545146
1489,20.214049968967785,32.515976862963434
1490,23.762410773858807,44.933591656161404
1491,33.541660773857870,89.528077914796370
1492,23.669562119896828,44.583132882256230
1493,20.373700064000062,33.031625998960216
1494,34.345552442106168,93.870936068490280
1495,41.552089289915813,137.396562407942611
1496,26.356306303357123,55.278879103137648
1497,24.999896969653875,49.735509772340166
1498,35.402585122247267,99.737869572763529
1499,27.427335434532303,59.862847605240155
1500,16.780782065436647,22.408589987463156
1501,17.258426509092086,23.702411357292412
1502,26.118875762559931,54.287406605732151
1503,35.242144665285387,98.835916807172723
1504,21.647011646374850,37.289455133755382
1505,18.860292297375480,28.306552182694833
1506,20.828491944519520,34.522782273124747
1507,22.457694772266048,40.134742954975735
1508,16.458844843993433,21.557025645026592
1509,35.985581077279598,103.049805326428427
1510,30.930800882887947,76.132916385870104
1511,32.422480422192507,83.653209744288901
1512,20.621006043042467,33.838401180154797
1513,30.791866667218056,75.450508499910669
1514,32.372599771510330,83.396013704139293
1516,36.306779675629770,104.897610524750874
1517,29.027379437448165,67.051082835547632
1518,21.993704172952317,38.493455118584990
1519,20.718874235728382,34.160360438949247
1520,27.942547113317449,62.132970858569713
1521,24.051186112095049,46.032348651061369
1522,23.273608545817577,43.104001255940602
1523,26.421192509647348,55.551394675099985
1524,59.877717435273262,285.312375011570794
1525,22.717325565723588,41.068093302084748
1526,19.621317831340797,30.637017262452058
1527,28.742647979213615,65.742117450601853
1528,21.528227168929575,36.881338236789865
1529,17.434120750172447,24.187458388683972
1530,33.738830233766578,90.583725442747522
1531,20.001254304795658,31.834981319744212
1532,28.879749419830357,66.370788523391326
1533,17.754190079061154,25.083715500420787
1534,18.860292297374766,28.306552182692684
1535,25.656407672999840,52.381970489633915
1536,42.324361393979487,142.551228384213289
1537,47.139458227145646,176.831369226820129
1538,29.162600138804567,67.677237362712745
1539,21.587840647136655,37.085876113954733
1542,73.663467731397802,431.811749369720587
1543,52.839637804359306,222.182474875086086
1544,27.099240746568750,58.439216188750095
1545,24.922613475217908,49.428485081075124
1546,25.673891769505854,52.453388398326659
1547,27.573926369375997,60.504455801659638
1548,22.729893963139215,41.113547851692047
1549,23.985667671256145,45.781894493749220
1550,37.389005977672774,111.244352955902286
1551,35.660615838874470,101.197040978138816
1552,31.977037863391971,81.370427619601770
1553,30.322760474740406,73.169082070349845
1554,28.673980422958913,65.428370571590008
1555,23.953087119778615,45.657604743258076
1556,25.237735282405332,50.686335914440811
1557,18.965024771995932,28.621801444518436
1558,22.027764204267907,38.612771398320774
1559,25.215133159706912,50.595590387509368
1560,23.515409821559849,44.004312465848173
1561,23.112253051923588,42.508394629533356
1562,30.554577504367678,74.292111471202205
1563,27.890065155354669,61.899792568675231
1564,30.364169342525244,73.369058430286216
1565,63.596590993430958,321.853183397615055
1566,33.585654548175512,89.763084827409031
1567,25.859611051257254,53.215005688132656
1568,31.237002734756825,77.647744905458055
1569,23.062426171586523,42.325307540438338
1570,24.499146334907472,47.763048660475782
1571,27.461197647355100,60.010754049016867
1572,23.824289673870513,45.167916487829764
1573,26.307633818147387,55.074899376189187
1574,27.391570360891283,59.706827839242393
1575,24.822007332110008,49.030230517894289
1576,25.659299635035595,52.393780031300885
1577,26.375652685120148,55.360061859958279
1578,25.911863120532463,53.430276010640313
1579,23.754380220958691,44.903225998849678
1580,39.378124590546243,123.395747575415442
1581,54.159807899613433,233.423387049500434
1582,29.168549278464397,67.704852349175539
1583,37.515454992451481,111.998078560762252
1584,34.469127413724650,94.547644751616545
1585,25.523900547788614,51.842295533524329
1586,22.567496144868773,40.528160268225420
1587,46.672356355076879,173.344310348940695
1588,27.436382936446716,59.902348238495875
1589,31.911667449010793,81.038077789351149
1590,33.030968414417252,86.822592447458916
1591,26.265243273906606,54.897553590311325
1592,33.619426202721549,89.943695987186899
1593,38.104530631478617,115.542927962524942
1594,20.419209229945388,33.179357697747577
1596,36.659613394193961,106.946332831860332
1597,33.048605519158322,86.915336200009079
1598,34.987298329050233,97.411661802112548
1599,34.319172058484440,93.726789295392905
1600,33.651948401369346,90.117796614593544
1601,27.151288785223208,58.663913815833368
1602,24.577547369681781,48.069235998715278
1603,22.947555563731992,41.904725119984121
1605,29.788741505395400,70.614590935373144
1606,26.459460836462835,55.712431953608480
1607,26.620516812895001,56.392727632580936
1608,37.600574902084659,112.506886543022446
1609,31.648179613071015,79.705374253143603
1610,21.511366220875910,36.823589792894126
1611,24.871358772412734,49.225389427814257
1612,25.119229209911026,50.211448911036612
1613,39.202072750063643,122.294857844255347
1614,21.228339419207863,35.860982325490262
1615,30.206927815632866,72.611139370361940
1616,27.581918145462694,60.539533006746318
1617,35.968471626346222,102.951837952079003
1618,26.424896106115664,55.566969624555810
1619,28.150883495788484,63.062937256356655
1620,37.295205344456498,110.686878842790506
1621,26.323545772448977,55.141542717388063
1622,23.062426171586075,42.325307540436697
1623,31.652162685591037,79.725438109419613
1624,30.790116770058795,75.441933061449916
1625,26.328922910665330,55.164072659423816
1626,27.570638523967254,60.490027864583304
1627,19.651389551937235,30.730998087921758
1628,18.791459556626609,28.100313376468169
1629,29.142247569121917,67.582806479506431
1630,50.440985645156054,202.468406426558857
1631,54.366163336521304,235.205518493617916
1632,25.094125315694495,50.111137470370714
1633,38.191733039717690,116.072374223179494
1634,23.310074962996296,43.239182692863437
1635,21.322952035595961,36.181352394046975
1636,24.051197226278177,46.032391194665550
1637,27.341151062277529,59.487227008575751
1638,24.688991747653656,48.506154419733740
1639,35.646243036245352,101.115483666153807
1640,35.144191617446062,98.287265460119585
1641,34.416122298306504,94.257085868415857
1642,29.376039010839595,68.671511803121874
1643,27.586558439756718,60.559904677689708
1644,33.948866650906595,91.715068912903590
1645,41.881913944353691,139.586422322918196
1646,20.459414566827174,33.310146363102945
1647,21.359943783074296,36.306998449875074
1649,34.147575907285798,92.791862991167150
1651,23.036142242427157,42.228887377152880
1652,22.159048247179896,39.074402171440845
1653,33.294464053351696,88.213325121356675
1654,33.343224538605917,88.471895088109889
1655,30.136755086404371,72.274170085364389
1656,30.363236023919491,73.364548136976651
1657,33.931773588521757,91.622736126139415
1658,34.921840275262973,97.047506048998528
1659,22.994033010161782,42.074642734812592
1660,25.778161830789813,52.880314274279897
1661,21.147810786386565,35.589424725845120
1662,30.950390107068255,76.229380556794794
1664,68.128896483625397,369.362537403823183
1665,78.625591111411211,491.946622245477897
1666,35.662031582663829,101.205076281109456
1667,23.525319009786152,44.041406345266275
1668,37.874000576291536,114.149101890552629
1669,32.752350676847684,85.364064754977662
1670,29.935979405520474,71.314374728350813
1671,22.879963206116443,41.658226736927894
1673,35.563546622500198,100.646868311009314
1674,26.646859933920126,56.504393044607589
1675,44.529624553309468,157.793170654454684
1676,61.651564501408622,302.467237527450379
1677,23.955483199490622,45.666739660323316
1678,39.235100350518451,122.501010574703244
1679,86.118396660352744,590.176628634158419
1680,45.301555368892643,163.311347549771483
1681,33.989402794788802,91.934221725586994
1682,30.574984963614558,74.391384291742725
1683,40.853432190148972,132.815032512886944
1684,23.906288368379204,45.479370383924270
1685,18.717730166962660,27.880239518233434
1686,32.668393958388897,84.926984614079345
1687,33.961388655114405,91.782739406540287
1688,35.651451203879205,101.145033195998622
1689,33.411377096772270,88.833932545896488
1690,25.907876373355226,53.413835925711069
1691,30.258607798357144,72.859807655886996
1692,36.632235683379200,106.786655617913439
1693,41.545039017425445,137.349941357544481
1694,39.100966445326826,121.664848497430754
1695,44.238172580714590,155.734378154092610
1696,40.168522324932496,128.399060897097542
1697,63.511198443577427,320.989444886364311
1698,49.244634642875482,192.978077404408765
1699,46.554080019382212,172.466850848291926
1700,27.378877505326830,59.651506107510897
1701,21.677278626876792,37.393804710033400
1702,29.349935283339569,68.549522178814826
1703,22.479822077591777,40.213870507905021
1704,42.414463068406960,143.158811130845976
1705,26.113300500248592,54.264233002733015
1706,58.698474930581718,274.185050315089370
1707,30.468576701185100,73.874485695593208
1708,22.155957900717063,39.063504138372878
1709,19.359789945296736,29.825753053768725
1711,41.572791770959384,137.533506584365824
1712,22.243281312091941,39.372033398689418
1713,25.724980677670729,52.662351857611512
1714,16.638603470880707,22.030475939080141
1715,22.717660684012966,41.069304956216016
1716,27.385053656431172,59.678421620693058
1717,49.611723760968573,195.865871703814122
1718,35.912424314751796,102.631241727748844
1719,47.136974671859171,176.812736899276899
1720,21.936588774477428,38.293787588172997
1721,24.881126876893493,49.264063082516486
1722,25.367409820601420,51.208539104443823
1723,25.662420017138107,52.406523836205842
1724,19.495385461942131,30.245013932297301
1725,31.903308446752966,80.995628816297128
1726,28.933981558623763,66.620292726220228
1727,32.024391836377873,81.611604811176804
1728,28.060666052081082,62.659379024416069
1729,23.253514607904407,43.029603233423188
1730,30.700877882795677,75.005260603830934
1731,28.443759600786873,64.381951245563599
1734,26.303181234002242,55.056258028726724
1735,24.627078681807870,48.263179800453791
1736,30.486296311401919,73.960437051298456
1737,17.271917582239436,23.739482633656564
1738,26.925107932636667,57.690598139429753
1739,26.374228153971281,55.354082102503995
1740,23.481290991970077,43.876712184466513
1741,36.949721648358640,108.645683928112149
1742,26.301247923392452,55.048164944085748
1743,26.510186261308245,55.926249286822859
1744,35.201553270016554,98.608372349441822
1745,18.468236963439288,27.141947902444432
1746,18.593020819831352,27.509965591151808
1747,26.244758224693332,54.811954494287633
1748,29.165789840764170,67.692042765603361
1749,25.317067914212522,51.005492949607302
1750,43.466589892235518,150.349253164704578
1751,26.292531845704975,55.011685718347984
1752,37.106950085117703,109.572269263334434
1753,21.191533669057421,35.736738397134673
1754,24.635138872662885,48.294777060125298
1755,29.805612471727081,70.694599266367092
1756,20.604151997372387,33.783109901734633
1757,26.399144766192478,55.458721199106307
1758,32.393819615075564,83.505379672232976
1759,24.480237806048134,47.689349728066162
1760,25.510835710195419,51.789236415559103
1761,32.183463943786080,82.424383555696878
1762,26.097506544284073,54.198612211126637
1763,29.050471545186426,67.157807365107928
1764,25.270443232195227,50.817799406767456
1765,20.377230178374926,33.043073651512600
1766,31.892486921803016,80.940691093030082
1767,35.554321349559473,100.594658984773588
1768,31.046075895782081,76.701448501390843
1769,33.205555696693736,87.742830683850400
1770,55.832945449801166,248.068268338227853
1771,25.630600720112380,52.276644819242868
1773,38.565437959107598,118.355016784106098
1774,23.308811167010905,43.234494245980677
1775,25.719627750549115,52.640437873998643
1776,17.918066607749214,25.548913112022671
1777,17.534399349198605,24.466504289301938
1778,34.541349698552807,94.944266376673085
1779,43.153331181623550,148.189962656600159
1780,23.102779307342672,42.473553271928466
1781,27.314760873127099,59.372446066772518
1782,40.970598251387145,133.577941681785120
1783,30.075042454309465,71.978473847887741
1784,42.405461969531132,143.098055917162071
1785,33.118196173587521,87.281757911781881
1786,32.456732004574825,83.830048050075931
1787,53.396390811526807,226.889261760222382
1788,34.218385994155319,93.177097507140118
1789,34.391595559985412,94.122788628411371
1790,24.752806821183821,48.757231847573465
1791,27.965626255097057,62.235650677540995
1792,26.504400819721738,55.901841857963511
1793,22.868833014176953,41.617706454774925
1794,23.084731501736982,42.407218827236825
1795,30.708078993868714,75.040450773922132
1796,37.610374447635955,112.565537775484643
1797,27.958066956066908,62.202009785287650
1798,33.330883446001835,88.406416250489727
1799,56.246908231171190,251.760415370108689
1800,36.235073391983804,104.483671858456361
1801,30.946840665345700,76.211897337482199
1802,21.253175357599030,35.944941991820215
1803,23.208579220213000,42.863462009103792
1804,21.651933356344539,37.306413478836610
1805,20.813336568486562,34.472561124220114
1806,34.812662838839842,96.441648199195896
1807,30.024358974257652,71.736077144264343
1808,24.249389976141558,46.794172499024427
1809,20.016637165395689,31.883968387282216
1810,20.372760211589295,33.028578527252158
1811,21.672092314321770,37.375913833370277
1812,28.445272261972068,64.388799191800658
1813,26.722948948054942,56.827545708731066
1814,26.419818902181081,55.545618718777526
1815,27.939618593082827,62.119947841976625
1816,24.034862405431429,45.969884907574794
1817,21.121970123448669,35.502503911994410
1818,21.056832873511468,35.283871872786086
1819,21.781076056039208,37.752767980347954
1820,58.197465874661397,269.524522089315781
1821,22.367894807227056,39.814416863964929
1823,56.048350620983307,249.986070261455296
1824,20.555850753654564,33.624903575873788
1825,21.637444396448345,37.256501051657779
1826,16.082596310416069,20.582705382591371
1827,27.613921418686765,60.680102435152733
1828,32.024160717998726,81.610426841967751
1829,33.941660908362607,91.676139481504450
1830,25.934908419367375,53.525357110858465
1831,26.052316775366666,54.011076880742088
1832,25.932407343281803,53.515033994737060
1833,30.756060154523077,75.275134345294049
1834,27.983029057210047,62.313132347210633
1835,22.475181933936526,40.197270832227979
1836,28.210945278809795,63.332322270887097
1837,36.277398144301053,104.727900879855596
1838,26.344182118304005,55.228033039972551
1839,22.182717483649675,39.157921571813390
1840,28.394015206142807,64.156957029854595
1841,21.900908481579297,38.169317700246104
1842,23.850187563785866,45.266168274376788
1843,20.534584849508583,33.555366770723772
1844,18.160577639794973,26.245173752408842
1845,19.380783652541766,29.890474068736101
1846,27.465699965442578,60.030433427590069
1847,23.073728685925541,42.366803575198631
1848,21.050407270402879,35.262341040896274
1849,54.884389679716641,239.710917571771745
1850,25.220029982042433,50.615243797467365
1851,31.722476021990200,80.080041871107980
1852,21.043583430815424,35.239482997873679
1853,24.794954352374816,48.923414739483412
1854,26.739852359987754,56.899460168468494
1855,30.181223537573498,72.487616526614161
1856,30.449387621068247,73.781462838492402
1857,25.445092650314518,51.522651993350195
1858,21.593718172927051,37.106072933977252
1859,39.180535895089868,122.160521930835117
1860,52.881894021348927,222.537978633999387
1861,63.359164316787222,319.454504893763101
1862,50.196632978318100,200.511511213969214
1863,28.165639444831385,63.129066433052714
1864,28.842721861931803,66.200705831019448
1865,27.266396168653742,59.162377335620882
1866,28.299351553491704,63.729880561775332
1867,20.578625623663605,33.699454325738891
1868,55.720525582477450,247.070301081188774
1869,33.928951485649847,91.607496248771554
1870,33.338234316464380,88.445415263296496
1871,34.150599685327037,92.808297213103756
1872,35.370401401984708,99.556612941844250
1873,39.827222416340646,126.226393767836214
1874,29.738697015284728,70.377528031549673
1875,46.771385760095697,174.080694661354954
1876,32.656181451590577,84.863499551782994
1877,146.675885033439101,1712.015020928916783
1878,30.982040217438332,76.385365790352836
1879,28.590301665546004,65.047050927568591
1880,45.935734747538234,167.915764348463512
1881,36.831975617747418,107.954354486107931
1882,44.801213235303386,159.723819148037961
1883,44.900367646304026,160.431605643526069
1884,23.378024593230066,43.491637375167493
1885,21.313716818575315,36.150018057189548
1887,40.016745930927186,127.430584696473900
1888,39.220577930869950,122.410342686672948
1889,41.549875861221189,137.381924906002752
1890,119.951498605799515,1144.989469062453281
1891,44.921876272691790,160.585345585236610
1892,32.093366918391901,81.963538380891222
1893,24.950492574664661,49.539130972872584
1894,45.507317058944729,164.798251576072062
1895,47.950386704351715,182.967672660362666
1896,32.030767798207279,81.644105305181000
1897,34.012256865539015,92.057894247168761
1898,36.755546861432940,107.506794645964362
1899,44.645672810987527,158.616689091450695
1900,27.377066820770622,59.643616339988156
1901,27.020461359356059,58.099936288540384
1902,34.748926172518289,96.088831628391588
1903,32.245095712360907,82.740373446509096
1904,54.342873801220996,235.004045607326532
1906,25.467976419692508,51.615366347134447
1907,25.856213221687945,53.201022210937168
1908,21.330786015994473,36.207943090603209
1909,22.474273409579983,40.194021073308221
1910,46.361440553650944,171.042478068701996
1911,48.212689984180464,184.974926082046977
1912,50.160727262203757,200.224761523277806
1913,46.085240487405258,169.010564462831042
1914,28.234723162618383,63.439127854367563
1915,24.488513666231640,47.721599178045189
1916,24.039546934479439,45.987806229007198
